ttl,ip,rtt
1,192.168.0.1,85.74835459391277
7,195.22.220.56,0.0
8,195.22.209.198,263.2894515991211
9,195.66.225.24,5.222241083780943
10,109.105.97.124,277.7669429779053
