ttl,ip,rtt
1,192.168.0.1,82.39261309305827
7,195.22.220.56,0.0
8,89.221.41.181,208.5423469543457
10,154.54.88.233,196.41995429992676
